PeriodID,LocationID,SubPlotNo,CanopyType,Count
AGFOTweety2003Jun03,AGFOTweety51,1,Hardwood,2
AGFOTweety2003Jun03,AGFOTweety51,3,Hardwood,1
AGFOTweety2006Jun06,AGFOTweety51,4,Hardwood,1
ARPOTweety2007Jun05,ARPOTweety1,1,Hardwood,9
ARPOTweety2007Jun05,ARPOTweety10,1,Hardwood,2
ARPOTweety2007Jun05,ARPOTweety12,1,Hardwood,7
ARPOTweety2007Jun05,ARPOTweety13,1,Hardwood,7
ARPOTweety2007Jun05,ARPOTweety14,1,Hardwood,10
ARPOTweety2007Jun05,ARPOTweety15,1,Hardwood,3
ARPOTweety2007Jun05,ARPOTweety16,1,Hardwood,16
ARPOTweety2007Jun05,ARPOTweety17,1,Hardwood,9
ARPOTweety2007Jun05,ARPOTweety18,1,Hardwood,1
ARPOTweety2007Jun05,ARPOTweety19,1,Conifer,1
ARPOTweety2007Jun05,ARPOTweety19,1,Hardwood,11
ARPOTweety2007Jun05,ARPOTweety2,1,Conifer,3
ARPOTweety2007Jun05,ARPOTweety2,1,Hardwood,6
ARPOTweety2007Jun05,ARPOTweety20,1,Hardwood,5
ARPOTweety2007Jun05,ARPOTweety22,1,Hardwood,8
ARPOTweety2007Jun05,ARPOTweety23,1,Conifer,3
ARPOTweety2007Jun05,ARPOTweety23,1,Hardwood,8
ARPOTweety2007Jun05,ARPOTweety24,1,Hardwood,6
ARPOTweety2007Jun05,ARPOTweety25,1,Hardwood,3
ARPOTweety2007Jun05,ARPOTweety26,1,Hardwood,3
ARPOTweety2007Jun05,ARPOTweety27,1,Hardwood,11
ARPOTweety2007Jun05,ARPOTweety28,1,Hardwood,7
ARPOTweety2007Jun05,ARPOTweety3,1,Hardwood,11
ARPOTweety2007Jun05,ARPOTweety30,1,Hardwood,11
ARPOTweety2007Jun05,ARPOTweety36,1,Conifer,1
ARPOTweety2007Jun05,ARPOTweety36,1,Hardwood,16
ARPOTweety2007Jun05,ARPOTweety4,1,Hardwood,2
ARPOTweety2007Jun05,ARPOTweety5,1,Hardwood,8
ARPOTweety2007Jun05,ARPOTweety7,1,Hardwood,14
ARPOTweety2007Jun05,ARPOTweety9,1,Hardwood,9
ARPOTweety2011Jun07,ARPOTweety1,1,Hardwood,9
ARPOTweety2011Jun07,ARPOTweety10,1,Hardwood,5
ARPOTweety2011Jun07,ARPOTweety12,1,Hardwood,15
ARPOTweety2011Jun07,ARPOTweety13,1,Hardwood,14
ARPOTweety2011Jun07,ARPOTweety14,1,Hardwood,10
ARPOTweety2011Jun07,ARPOTweety15,1,Hardwood,7
ARPOTweety2011Jun07,ARPOTweety16,1,Hardwood,15
ARPOTweety2011Jun07,ARPOTweety17,1,Hardwood,12
ARPOTweety2011Jun07,ARPOTweety18,1,Hardwood,9
ARPOTweety2011Jun07,ARPOTweety19,1,Conifer,2
ARPOTweety2011Jun07,ARPOTweety19,1,Hardwood,11
ARPOTweety2011Jun07,ARPOTweety2,1,Conifer,2
ARPOTweety2011Jun07,ARPOTweety2,1,Hardwood,10
ARPOTweety2011Jun07,ARPOTweety20,1,Hardwood,9
ARPOTweety2011Jun07,ARPOTweety22,1,Conifer,4
ARPOTweety2011Jun07,ARPOTweety22,1,Hardwood,7
ARPOTweety2011Jun07,ARPOTweety23,1,Conifer,7
ARPOTweety2011Jun07,ARPOTweety23,1,Hardwood,5
ARPOTweety2011Jun07,ARPOTweety24,1,Hardwood,8
ARPOTweety2011Jun07,ARPOTweety25,1,Conifer,2
ARPOTweety2011Jun07,ARPOTweety25,1,Hardwood,4
ARPOTweety2011Jun07,ARPOTweety26,1,Conifer,2
ARPOTweety2011Jun07,ARPOTweety26,1,Hardwood,3
ARPOTweety2011Jun07,ARPOTweety27,1,Hardwood,13
ARPOTweety2011Jun07,ARPOTweety3,1,Hardwood,6
ARPOTweety2011Jun07,ARPOTweety30,1,Hardwood,16
ARPOTweety2011Jun07,ARPOTweety4,1,Hardwood,5
ARPOTweety2011Jun07,ARPOTweety5,1,Hardwood,16
ARPOTweety2011Jun07,ARPOTweety7,1,Hardwood,16
ARPOTweety2011Jun07,ARPOTweety9,1,Hardwood,11
EFMOTweety2009May29,EFMOTweety1,1,Hardwood,13
EFMOTweety2009May29,EFMOTweety12,1,Hardwood,7
EFMOTweety2009May29,EFMOTweety13,1,Hardwood,8
EFMOTweety2009May29,EFMOTweety14,1,Hardwood,9
EFMOTweety2009May29,EFMOTweety15,1,Hardwood,11
EFMOTweety2009May29,EFMOTweety16,1,Hardwood,9
EFMOTweety2009May29,EFMOTweety17,1,Hardwood,19
EFMOTweety2009May29,EFMOTweety18,1,Hardwood,6
EFMOTweety2009May29,EFMOTweety19,1,Hardwood,4
EFMOTweety2009May29,EFMOTweety2,1,Hardwood,13
EFMOTweety2009May29,EFMOTweety22,1,Hardwood,8
EFMOTweety2009May29,EFMOTweety24,1,Hardwood,13
EFMOTweety2009May29,EFMOTweety25,1,Hardwood,12
EFMOTweety2009May29,EFMOTweety26,1,Hardwood,18
EFMOTweety2009May29,EFMOTweety27,1,Hardwood,1
EFMOTweety2009May29,EFMOTweety33,1,Hardwood,7
EFMOTweety2009May29,EFMOTweety34,1,Hardwood,12
EFMOTweety2009May29,EFMOTweety37,1,Hardwood,12
EFMOTweety2009May29,EFMOTweety38,1,Hardwood,15
EFMOTweety2009May29,EFMOTweety4,1,Hardwood,10
EFMOTweety2009May29,EFMOTweety40,1,Hardwood,5
EFMOTweety2009May29,EFMOTweety41,1,Hardwood,5
EFMOTweety2009May29,EFMOTweety42,1,Hardwood,14
EFMOTweety2009May29,EFMOTweety43,1,Hardwood,7
EFMOTweety2009May29,EFMOTweety44,1,Hardwood,10
EFMOTweety2009May29,EFMOTweety46,1,Hardwood,14
EFMOTweety2009May29,EFMOTweety47,1,Hardwood,11
EFMOTweety2009May29,EFMOTweety5,1,Hardwood,7
EFMOTweety2009May29,EFMOTweety52,1,Hardwood,12
EFMOTweety2009May29,EFMOTweety8,1,Hardwood,7
EFMOTweety2009May29,EFMOTweety9,1,Hardwood,14
EFMOTweety2013May29,EFMOTweety1,1,Hardwood,9
EFMOTweety2013May29,EFMOTweety12,1,Hardwood,3
EFMOTweety2013May29,EFMOTweety16,1,Hardwood,5
EFMOTweety2013May29,EFMOTweety17,1,Hardwood,5
EFMOTweety2013May29,EFMOTweety18,1,Hardwood,2
EFMOTweety2013May29,EFMOTweety2,1,Hardwood,6
EFMOTweety2013May29,EFMOTweety24,1,Hardwood,5
EFMOTweety2013May29,EFMOTweety25,1,Hardwood,6
EFMOTweety2013May29,EFMOTweety26,1,Hardwood,2
EFMOTweety2013May29,EFMOTweety33,1,Hardwood,7
EFMOTweety2013May29,EFMOTweety4,1,Hardwood,6
EFMOTweety2013May29,EFMOTweety42,1,Hardwood,3
EFMOTweety2013May29,EFMOTweety43,1,Hardwood,5
EFMOTweety2013May29,EFMOTweety44,1,Hardwood,7
EFMOTweety2013May29,EFMOTweety46,1,Hardwood,5
EFMOTweety2013May29,EFMOTweety47,1,Hardwood,4
EFMOTweety2013May29,EFMOTweety5,1,Hardwood,7
EFMOTweety2013May29,EFMOTweety8,1,Hardwood,8
EFMOTweety2013May29,EFMOTweety9,1,Hardwood,7
GWCATweety2008May27,GWCATweety1,1,Hardwood,6
GWCATweety2008May27,GWCATweety11,1,Hardwood,12
GWCATweety2008May27,GWCATweety18,1,Hardwood,5
GWCATweety2008May27,GWCATweety21,1,Hardwood,2
GWCATweety2008May27,GWCATweety23,1,Hardwood,10
GWCATweety2008May27,GWCATweety26,1,Hardwood,14
GWCATweety2008May27,GWCATweety27,1,Hardwood,7
GWCATweety2008May27,GWCATweety28,1,Hardwood,8
GWCATweety2008May27,GWCATweety29,1,Hardwood,3
GWCATweety2008May27,GWCATweety30,1,Hardwood,7
GWCATweety2008May27,GWCATweety33,1,Hardwood,13
GWCATweety2008May27,GWCATweety34,1,Hardwood,9
GWCATweety2008May27,GWCATweety35,1,Hardwood,2
GWCATweety2008May27,GWCATweety37,1,Hardwood,11
GWCATweety2008May27,GWCATweety39,1,Hardwood,7
GWCATweety2008May27,GWCATweety40,1,Hardwood,3
GWCATweety2008May27,GWCATweety42,1,Hardwood,1
GWCATweety2008May27,GWCATweety48,1,Hardwood,1
GWCATweety2008May27,GWCATweety53,1,Hardwood,8
GWCATweety2008May27,GWCATweety55,1,Hardwood,4
GWCATweety2008May27,GWCATweety58,1,Hardwood,10
GWCATweety2008May27,GWCATweety62,1,Hardwood,2
GWCATweety2008May27,GWCATweety67,1,Hardwood,3
GWCATweety2012Jun04,GWCATweety1,1,Hardwood,11
GWCATweety2012Jun04,GWCATweety11,1,Hardwood,15
GWCATweety2012Jun04,GWCATweety18,1,Hardwood,8
GWCATweety2012Jun04,GWCATweety2,1,Hardwood,9
GWCATweety2012Jun04,GWCATweety23,1,Hardwood,18
GWCATweety2012Jun04,GWCATweety26,1,Hardwood,11
GWCATweety2012Jun04,GWCATweety27,1,Hardwood,12
GWCATweety2012Jun04,GWCATweety28,1,Hardwood,9
GWCATweety2012Jun04,GWCATweety29,1,Conifer,1
GWCATweety2012Jun04,GWCATweety29,1,Hardwood,7
GWCATweety2012Jun04,GWCATweety30,1,Hardwood,15
GWCATweety2012Jun04,GWCATweety32,1,Hardwood,3
GWCATweety2012Jun04,GWCATweety33,1,Hardwood,11
GWCATweety2012Jun04,GWCATweety34,1,Hardwood,13
GWCATweety2012Jun04,GWCATweety35,1,Hardwood,3
GWCATweety2012Jun04,GWCATweety37,1,Hardwood,17
GWCATweety2012Jun04,GWCATweety38,1,Hardwood,2
GWCATweety2012Jun04,GWCATweety39,1,Hardwood,5
GWCATweety2012Jun04,GWCATweety40,1,Hardwood,4
GWCATweety2012Jun04,GWCATweety45,1,Hardwood,1
GWCATweety2012Jun04,GWCATweety53,1,Hardwood,14
GWCATweety2012Jun04,GWCATweety58,1,Hardwood,7
GWCATweety2012Jun04,GWCATweety62,1,Hardwood,2
GWCATweety2012Jun04,GWCATweety67,1,Hardwood,10
HEHOTweety2005Jun04,HEHOTweety4,2,Hardwood,1
HEHOTweety2005Jun04,HEHOTweety7,2,Hardwood,3
HEHOTweety2006Jun04,HEHOTweety4,2,Hardwood,1
HEHOTweety2006Jun04,HEHOTweety7,2,Hardwood,2
HEHOTweety2006Jun04,HEHOTweety7,3,Hardwood,1
HEHOTweety2009May27,HEHOTweety15,1,Hardwood,1
HEHOTweety2009May27,HEHOTweety29,1,Conifer,1
HEHOTweety2009May27,HEHOTweety29,1,Hardwood,3
HEHOTweety2009May27,HEHOTweety30,1,Hardwood,5
HEHOTweety2009May27,HEHOTweety31,1,Conifer,8
HEHOTweety2009May27,HEHOTweety31,1,Hardwood,3
HEHOTweety2009May27,HEHOTweety32,1,Hardwood,4
HEHOTweety2009May27,HEHOTweety35,1,Hardwood,3
HEHOTweety2009May27,HEHOTweety36,1,Hardwood,4
HEHOTweety2009May27,HEHOTweety37,1,Hardwood,3
HEHOTweety2009May27,HEHOTweety38,1,Hardwood,3
HEHOTweety2013May28,HEHOTweety31,1,Conifer,5
HEHOTweety2013May28,HEHOTweety31,1,Hardwood,2
HEHOTweety2013May28,HEHOTweety35,1,Hardwood,3
HOCUTweety2005Jun01,HOCUTweety1,1,Hardwood,9
HOCUTweety2005Jun01,HOCUTweety1,2,Hardwood,3
HOCUTweety2005Jun01,HOCUTweety1,4,Hardwood,19
HOCUTweety2005Jun01,HOCUTweety11,1,Hardwood,4
HOCUTweety2005Jun01,HOCUTweety11,2,Hardwood,3
HOCUTweety2005Jun01,HOCUTweety11,3,Hardwood,9
HOCUTweety2005Jun01,HOCUTweety11,4,Hardwood,7
HOCUTweety2005Jun01,HOCUTweety13,3,Hardwood,4
HOCUTweety2005Jun01,HOCUTweety15,2,Hardwood,2
HOCUTweety2005Jun01,HOCUTweety18,1,Hardwood,2
HOCUTweety2005Jun01,HOCUTweety18,3,Hardwood,10
HOCUTweety2005Jun01,HOCUTweety2,1,Hardwood,4
HOCUTweety2005Jun01,HOCUTweety2,2,Hardwood,5
HOCUTweety2005Jun01,HOCUTweety2,3,Hardwood,9
HOCUTweety2005Jun01,HOCUTweety2,4,Hardwood,9
HOCUTweety2005Jun01,HOCUTweety20,4,Hardwood,2
HOCUTweety2005Jun01,HOCUTweety21,1,Hardwood,17
HOCUTweety2005Jun01,HOCUTweety21,2,Hardwood,11
HOCUTweety2005Jun01,HOCUTweety21,3,Hardwood,18
HOCUTweety2005Jun01,HOCUTweety21,4,Hardwood,23
HOCUTweety2005Jun01,HOCUTweety26,2,Hardwood,4
HOCUTweety2005Jun01,HOCUTweety3,4,Hardwood,12
HOCUTweety2005Jun01,HOCUTweety4,1,Hardwood,17
HOCUTweety2005Jun01,HOCUTweety4,3,Hardwood,5
HOCUTweety2005Jun01,HOCUTweety4,4,Hardwood,18
HOCUTweety2005Jun01,HOCUTweety8,4,Hardwood,1
HOCUTweety2006May31,HOCUTweety1,1,Hardwood,4
HOCUTweety2006May31,HOCUTweety1,2,Hardwood,6
HOCUTweety2006May31,HOCUTweety1,4,Hardwood,3
HOCUTweety2006May31,HOCUTweety11,1,Hardwood,3
HOCUTweety2006May31,HOCUTweety11,2,Hardwood,6
HOCUTweety2006May31,HOCUTweety11,3,Hardwood,4
HOCUTweety2006May31,HOCUTweety11,4,Hardwood,8
HOCUTweety2006May31,HOCUTweety15,2,Hardwood,1
HOCUTweety2006May31,HOCUTweety17,2,Hardwood,1
HOCUTweety2006May31,HOCUTweety18,1,Hardwood,3
HOCUTweety2006May31,HOCUTweety18,2,Hardwood,2
HOCUTweety2006May31,HOCUTweety18,3,Hardwood,5
HOCUTweety2006May31,HOCUTweety2,1,Hardwood,8
HOCUTweety2006May31,HOCUTweety2,2,Hardwood,3
HOCUTweety2006May31,HOCUTweety2,3,Hardwood,4
HOCUTweety2006May31,HOCUTweety2,4,Hardwood,6
HOCUTweety2006May31,HOCUTweety21,1,Hardwood,18
HOCUTweety2006May31,HOCUTweety21,2,Hardwood,7
HOCUTweety2006May31,HOCUTweety21,3,Hardwood,16
HOCUTweety2006May31,HOCUTweety21,4,Hardwood,15
HOCUTweety2006May31,HOCUTweety26,2,Hardwood,3
HOCUTweety2006May31,HOCUTweety26,3,Hardwood,1
HOCUTweety2006May31,HOCUTweety3,4,Hardwood,3
HOCUTweety2006May31,HOCUTweety4,1,Hardwood,15
HOCUTweety2006May31,HOCUTweety4,3,Hardwood,5
HOCUTweety2006May31,HOCUTweety4,4,Hardwood,11
HOCUTweety2006May31,HOCUTweety8,4,Hardwood,2
HOCUTweety2007Jun12,HOCUTweety11,1,Hardwood,3
HOCUTweety2007Jun12,HOCUTweety13,1,Hardwood,1
HOCUTweety2007Jun12,HOCUTweety2,1,Hardwood,5
HOCUTweety2007Jun12,HOCUTweety21,1,Hardwood,10
HOCUTweety2007Jun12,HOCUTweety4,1,Hardwood,8
HOCUTweety2011May22,HOCUTweety1,1,Hardwood,2
HOCUTweety2011May22,HOCUTweety11,1,Hardwood,8
HOCUTweety2011May22,HOCUTweety12,1,Hardwood,1
HOCUTweety2011May22,HOCUTweety13,1,Hardwood,4
HOCUTweety2011May22,HOCUTweety18,1,Hardwood,2
HOCUTweety2011May22,HOCUTweety2,1,Hardwood,10
HOCUTweety2011May22,HOCUTweety26,1,Hardwood,1
HOCUTweety2011May22,HOCUTweety4,1,Hardwood,22
HOMETweety2009May12,HOMETweety20,1,Hardwood,1
HOMETweety2009May12,HOMETweety27,1,Hardwood,1
HOMETweety2009May12,HOMETweety31,1,Hardwood,10
HOMETweety2009May12,HOMETweety32,1,Hardwood,10
HOMETweety2009May12,HOMETweety33,1,Hardwood,8
HOMETweety2009May12,HOMETweety35,1,Hardwood,9
HOMETweety2009May12,HOMETweety36,1,Hardwood,10
HOMETweety2009May12,HOMETweety37,1,Hardwood,11
HOMETweety2009May12,HOMETweety38,1,Hardwood,2
HOMETweety2009May12,HOMETweety39,1,Hardwood,7
HOMETweety2009May12,HOMETweety4,1,Hardwood,4
HOMETweety2009May12,HOMETweety40,1,Hardwood,9
HOMETweety2009May12,HOMETweety43,1,Hardwood,10
HOMETweety2009May12,HOMETweety44,1,Hardwood,14
HOMETweety2009May12,HOMETweety45,1,Hardwood,7
HOMETweety2009May12,HOMETweety46,1,Hardwood,10
HOMETweety2009May12,HOMETweety47,1,Hardwood,9
HOMETweety2009May12,HOMETweety48,1,Hardwood,1
HOMETweety2009May12,HOMETweety9,1,Hardwood,2
HOMETweety2013May14,HOMETweety37,1,Hardwood,11
HOMETweety2013May14,HOMETweety39,1,Hardwood,8
HOMETweety2013May14,HOMETweety47,1,Hardwood,7
LIBOTweety2007Jun09,LIBOTweety1,1,Hardwood,10
LIBOTweety2007Jun09,LIBOTweety10,1,Hardwood,4
LIBOTweety2007Jun09,LIBOTweety13,1,Hardwood,9
LIBOTweety2007Jun09,LIBOTweety14,1,Hardwood,6
LIBOTweety2007Jun09,LIBOTweety16,1,Hardwood,8
LIBOTweety2007Jun09,LIBOTweety17,1,Conifer,1
LIBOTweety2007Jun09,LIBOTweety17,1,Hardwood,12
LIBOTweety2007Jun09,LIBOTweety19,1,Hardwood,8
LIBOTweety2007Jun09,LIBOTweety2,1,Hardwood,6
LIBOTweety2007Jun09,LIBOTweety20,1,Hardwood,9
LIBOTweety2007Jun09,LIBOTweety22,1,Hardwood,8
LIBOTweety2007Jun09,LIBOTweety23,1,Hardwood,10
LIBOTweety2007Jun09,LIBOTweety24,1,Hardwood,10
LIBOTweety2007Jun09,LIBOTweety26,1,Hardwood,7
LIBOTweety2007Jun09,LIBOTweety27,1,Hardwood,12
LIBOTweety2007Jun09,LIBOTweety28,1,Hardwood,7
LIBOTweety2007Jun09,LIBOTweety29,1,Conifer,2
LIBOTweety2007Jun09,LIBOTweety29,1,Hardwood,12
LIBOTweety2007Jun09,LIBOTweety3,1,Hardwood,7
LIBOTweety2007Jun09,LIBOTweety30,1,Hardwood,5
LIBOTweety2007Jun09,LIBOTweety31,1,Conifer,1
LIBOTweety2007Jun09,LIBOTweety31,1,Hardwood,10
LIBOTweety2007Jun09,LIBOTweety32,1,Hardwood,4
LIBOTweety2007Jun09,LIBOTweety33,1,Hardwood,6
LIBOTweety2007Jun09,LIBOTweety34,1,Hardwood,11
LIBOTweety2007Jun09,LIBOTweety35,1,Hardwood,8
LIBOTweety2007Jun09,LIBOTweety36,1,Hardwood,8
LIBOTweety2007Jun09,LIBOTweety37,1,Hardwood,2
LIBOTweety2007Jun09,LIBOTweety38,1,Hardwood,14
LIBOTweety2007Jun09,LIBOTweety39,1,Hardwood,10
LIBOTweety2007Jun09,LIBOTweety4,1,Hardwood,8
LIBOTweety2007Jun09,LIBOTweety40,1,Hardwood,6
LIBOTweety2007Jun09,LIBOTweety41,1,Hardwood,6
LIBOTweety2007Jun09,LIBOTweety5,1,Hardwood,4
LIBOTweety2007Jun09,LIBOTweety6,1,Hardwood,6
LIBOTweety2007Jun09,LIBOTweety7,1,Hardwood,6
LIBOTweety2007Jun09,LIBOTweety8,1,Conifer,1
LIBOTweety2007Jun09,LIBOTweety8,1,Hardwood,6
LIBOTweety2007Jun09,LIBOTweety9,1,Hardwood,7
LIBOTweety2011May20,LIBOTweety1,1,Hardwood,21
LIBOTweety2011May20,LIBOTweety10,1,Hardwood,9
LIBOTweety2011May20,LIBOTweety13,1,Hardwood,7
LIBOTweety2011May20,LIBOTweety14,1,Hardwood,4
LIBOTweety2011May20,LIBOTweety16,1,Conifer,1
LIBOTweety2011May20,LIBOTweety16,1,Hardwood,10
LIBOTweety2011May20,LIBOTweety17,1,Hardwood,13
LIBOTweety2011May20,LIBOTweety19,1,Hardwood,15
LIBOTweety2011May20,LIBOTweety2,1,Hardwood,13
LIBOTweety2011May20,LIBOTweety20,1,Hardwood,4
LIBOTweety2011May20,LIBOTweety22,1,Hardwood,13
LIBOTweety2011May20,LIBOTweety23,1,Hardwood,5
LIBOTweety2011May20,LIBOTweety24,1,Hardwood,9
LIBOTweety2011May20,LIBOTweety26,1,Conifer,1
LIBOTweety2011May20,LIBOTweety26,1,Hardwood,2
LIBOTweety2011May20,LIBOTweety27,1,Hardwood,20
LIBOTweety2011May20,LIBOTweety28,1,Hardwood,12
LIBOTweety2011May20,LIBOTweety29,1,Conifer,4
LIBOTweety2011May20,LIBOTweety29,1,Hardwood,12
LIBOTweety2011May20,LIBOTweety3,1,Hardwood,19
LIBOTweety2011May20,LIBOTweety30,1,Hardwood,12
LIBOTweety2011May20,LIBOTweety31,1,Hardwood,6
LIBOTweety2011May20,LIBOTweety32,1,Conifer,1
LIBOTweety2011May20,LIBOTweety32,1,Hardwood,2
LIBOTweety2011May20,LIBOTweety33,1,Hardwood,11
LIBOTweety2011May20,LIBOTweety34,1,Hardwood,13
LIBOTweety2011May20,LIBOTweety35,1,Hardwood,8
LIBOTweety2011May20,LIBOTweety36,1,Conifer,1
LIBOTweety2011May20,LIBOTweety36,1,Hardwood,12
LIBOTweety2011May20,LIBOTweety37,1,Hardwood,5
LIBOTweety2011May20,LIBOTweety38,1,Hardwood,21
LIBOTweety2011May20,LIBOTweety39,1,Hardwood,5
LIBOTweety2011May20,LIBOTweety4,1,Hardwood,23
LIBOTweety2011May20,LIBOTweety40,1,Hardwood,13
LIBOTweety2011May20,LIBOTweety41,1,Hardwood,6
LIBOTweety2011May20,LIBOTweety5,1,Hardwood,12
LIBOTweety2011May20,LIBOTweety6,1,Hardwood,12
LIBOTweety2011May20,LIBOTweety7,1,Hardwood,9
LIBOTweety2011May20,LIBOTweety8,1,Conifer,2
LIBOTweety2011May20,LIBOTweety8,1,Hardwood,9
LIBOTweety2011May20,LIBOTweety9,1,Hardwood,12
PERITweety2008May12,PERITweety1,1,Conifer,1
PERITweety2008May12,PERITweety1,1,Hardwood,5
PERITweety2008May12,PERITweety10,1,Hardwood,8
PERITweety2008May12,PERITweety11,1,Hardwood,11
PERITweety2008May12,PERITweety12,1,Hardwood,14
PERITweety2008May12,PERITweety13,1,Hardwood,4
PERITweety2008May12,PERITweety15,1,Hardwood,12
PERITweety2008May12,PERITweety16,1,Hardwood,9
PERITweety2008May12,PERITweety17,1,Conifer,3
PERITweety2008May12,PERITweety18,1,Hardwood,12
PERITweety2008May12,PERITweety19,1,Hardwood,10
PERITweety2008May12,PERITweety2,1,Hardwood,9
PERITweety2008May12,PERITweety20,1,Hardwood,7
PERITweety2008May12,PERITweety22,1,Hardwood,4
PERITweety2008May12,PERITweety23,1,Conifer,6
PERITweety2008May12,PERITweety23,1,Hardwood,6
PERITweety2008May12,PERITweety24,1,Hardwood,8
PERITweety2008May12,PERITweety25,1,Hardwood,8
PERITweety2008May12,PERITweety26,1,Hardwood,11
PERITweety2008May12,PERITweety27,1,Conifer,1
PERITweety2008May12,PERITweety27,1,Hardwood,3
PERITweety2008May12,PERITweety28,1,Hardwood,9
PERITweety2008May12,PERITweety29,1,Hardwood,8
PERITweety2008May12,PERITweety3,1,Hardwood,13
PERITweety2008May12,PERITweety31,1,Hardwood,1
PERITweety2008May12,PERITweety32,1,Hardwood,6
PERITweety2008May12,PERITweety33,1,Hardwood,13
PERITweety2008May12,PERITweety34,1,Conifer,3
PERITweety2008May12,PERITweety34,1,Hardwood,7
PERITweety2008May12,PERITweety35,1,Hardwood,9
PERITweety2008May12,PERITweety36,1,Hardwood,10
PERITweety2008May12,PERITweety37,1,Hardwood,6
PERITweety2008May12,PERITweety38,1,Hardwood,8
PERITweety2008May12,PERITweety39,1,Hardwood,8
PERITweety2008May12,PERITweety4,1,Hardwood,7
PERITweety2008May12,PERITweety41,1,Conifer,2
PERITweety2008May12,PERITweety42,1,Conifer,2
PERITweety2008May12,PERITweety42,1,Hardwood,1
PERITweety2008May12,PERITweety43,1,Conifer,6
PERITweety2008May12,PERITweety44,1,Conifer,2
PERITweety2008May12,PERITweety44,1,Hardwood,3
PERITweety2008May12,PERITweety45,1,Conifer,4
PERITweety2008May12,PERITweety45,1,Hardwood,9
PERITweety2008May12,PERITweety46,1,Hardwood,7
PERITweety2008May12,PERITweety47,1,Hardwood,10
PERITweety2008May12,PERITweety48,1,Hardwood,13
PERITweety2008May12,PERITweety5,1,Conifer,13
PERITweety2008May12,PERITweety51,1,Conifer,3
PERITweety2008May12,PERITweety51,1,Hardwood,4
PERITweety2008May12,PERITweety52,1,Hardwood,3
PERITweety2008May12,PERITweety53,1,Conifer,13
PERITweety2008May12,PERITweety55,1,Conifer,2
PERITweety2008May12,PERITweety55,1,Hardwood,6
PERITweety2008May12,PERITweety56,1,Conifer,1
PERITweety2008May12,PERITweety56,1,Hardwood,7
PERITweety2008May12,PERITweety57,1,Hardwood,13
PERITweety2008May12,PERITweety58,1,Hardwood,6
PERITweety2008May12,PERITweety59,1,Hardwood,1
PERITweety2008May12,PERITweety6,1,Hardwood,7
PERITweety2008May12,PERITweety60,1,Conifer,1
PERITweety2008May12,PERITweety60,1,Hardwood,11
PERITweety2008May12,PERITweety61,1,Hardwood,7
PERITweety2008May12,PERITweety62,1,Hardwood,7
PERITweety2008May12,PERITweety66,1,Hardwood,1
PERITweety2008May12,PERITweety67,1,Hardwood,8
PERITweety2008May12,PERITweety68,1,Conifer,8
PERITweety2008May12,PERITweety7,1,Hardwood,9
PERITweety2008May12,PERITweety70,1,Hardwood,8
PERITweety2008May12,PERITweety71,1,Conifer,4
PERITweety2008May12,PERITweety71,1,Hardwood,3
PERITweety2008May12,PERITweety72,1,Conifer,5
PERITweety2008May12,PERITweety72,1,Hardwood,1
PERITweety2008May12,PERITweety74,1,Hardwood,3
PERITweety2008May12,PERITweety75,1,Hardwood,4
PERITweety2008May12,PERITweety76,1,Hardwood,1
PERITweety2008May12,PERITweety77,1,Hardwood,9
PERITweety2008May12,PERITweety8,1,Hardwood,10
PERITweety2008May12,PERITweety80,1,Conifer,1
PERITweety2008May12,PERITweety80,1,Hardwood,1
PERITweety2008May12,PERITweety81,1,Hardwood,13
PERITweety2008May12,PERITweety84,1,Hardwood,3
PERITweety2008May12,PERITweety86,1,Hardwood,1
PERITweety2008May12,PERITweety87,1,Hardwood,5
PERITweety2008May12,PERITweety88,1,Conifer,1
PERITweety2008May12,PERITweety88,1,Hardwood,6
PERITweety2008May12,PERITweety89,1,Hardwood,1
PERITweety2008May12,PERITweety9,1,Hardwood,11
PERITweety2008May12,PERITweety91,1,Hardwood,1
PERITweety2008May12,PERITweety92,1,Hardwood,2
PERITweety2008May12,PERITweety93,1,Hardwood,7
PERITweety2008May12,PERITweety94,1,Hardwood,9
PERITweety2008May12,PERITweety95,1,Hardwood,4
PERITweety2008May12,PERITweety96,1,Conifer,2
PERITweety2008May12,PERITweety96,1,Hardwood,3
PERITweety2008May12,PERITweety97,1,Hardwood,10
PERITweety2008May12,PERITweety98,1,Hardwood,9
PERITweety2008May12,PERITweety99,1,Hardwood,8
PERITweety2012May14,PERITweety1,1,Hardwood,5
PERITweety2012May14,PERITweety10,1,Hardwood,9
PERITweety2012May14,PERITweety11,1,Hardwood,10
PERITweety2012May14,PERITweety12,1,Hardwood,7
PERITweety2012May14,PERITweety13,1,Hardwood,8
PERITweety2012May14,PERITweety14,1,Conifer,1
PERITweety2012May14,PERITweety15,1,Hardwood,5
PERITweety2012May14,PERITweety16,1,Hardwood,7
PERITweety2012May14,PERITweety17,1,Conifer,3
PERITweety2012May14,PERITweety18,1,Hardwood,8
PERITweety2012May14,PERITweety19,1,Hardwood,11
PERITweety2012May14,PERITweety2,1,Hardwood,8
PERITweety2012May14,PERITweety20,1,Hardwood,4
PERITweety2012May14,PERITweety22,1,Hardwood,10
PERITweety2012May14,PERITweety23,1,Conifer,5
PERITweety2012May14,PERITweety23,1,Hardwood,6
PERITweety2012May14,PERITweety24,1,Hardwood,10
PERITweety2012May14,PERITweety25,1,Hardwood,11
PERITweety2012May14,PERITweety26,1,Conifer,1
PERITweety2012May14,PERITweety26,1,Hardwood,9
PERITweety2012May14,PERITweety27,1,Conifer,2
PERITweety2012May14,PERITweety27,1,Hardwood,11
PERITweety2012May14,PERITweety28,1,Hardwood,8
PERITweety2012May14,PERITweety29,1,Hardwood,9
PERITweety2012May14,PERITweety3,1,Hardwood,13
PERITweety2012May14,PERITweety31,1,Hardwood,3
PERITweety2012May14,PERITweety32,1,Hardwood,8
PERITweety2012May14,PERITweety33,1,Hardwood,8
PERITweety2012May14,PERITweety34,1,Conifer,4
PERITweety2012May14,PERITweety34,1,Hardwood,3
PERITweety2012May14,PERITweety35,1,Hardwood,7
PERITweety2012May14,PERITweety36,1,Hardwood,5
PERITweety2012May14,PERITweety37,1,Hardwood,3
PERITweety2012May14,PERITweety38,1,Hardwood,5
PERITweety2012May14,PERITweety39,1,Hardwood,7
PERITweety2012May14,PERITweety4,1,Hardwood,9
PERITweety2012May14,PERITweety41,1,Conifer,2
PERITweety2012May14,PERITweety43,1,Conifer,4
PERITweety2012May14,PERITweety44,1,Conifer,1
PERITweety2012May14,PERITweety44,1,Hardwood,2
PERITweety2012May14,PERITweety45,1,Conifer,2
PERITweety2012May14,PERITweety45,1,Hardwood,8
PERITweety2012May14,PERITweety46,1,Hardwood,7
PERITweety2012May14,PERITweety47,1,Hardwood,9
PERITweety2012May14,PERITweety48,1,Hardwood,18
PERITweety2012May14,PERITweety5,1,Conifer,8
PERITweety2012May14,PERITweety51,1,Conifer,6
PERITweety2012May14,PERITweety51,1,Hardwood,7
PERITweety2012May14,PERITweety52,1,Hardwood,6
PERITweety2012May14,PERITweety53,1,Conifer,9
PERITweety2012May14,PERITweety55,1,Conifer,3
PERITweety2012May14,PERITweety55,1,Hardwood,6
PERITweety2012May14,PERITweety56,1,Hardwood,10
PERITweety2012May14,PERITweety57,1,Hardwood,10
PERITweety2012May14,PERITweety58,1,Hardwood,12
PERITweety2012May14,PERITweety6,1,Hardwood,10
PERITweety2012May14,PERITweety60,1,Conifer,4
PERITweety2012May14,PERITweety60,1,Hardwood,14
PERITweety2012May14,PERITweety61,1,Hardwood,11
PERITweety2012May14,PERITweety62,1,Hardwood,4
PERITweety2012May14,PERITweety65,1,Conifer,1
PERITweety2012May14,PERITweety65,1,Hardwood,1
PERITweety2012May14,PERITweety67,1,Conifer,1
PERITweety2012May14,PERITweety67,1,Hardwood,7
PERITweety2012May14,PERITweety68,1,Conifer,4
PERITweety2012May14,PERITweety68,1,Hardwood,2
PERITweety2012May14,PERITweety7,1,Hardwood,8
PERITweety2012May14,PERITweety70,1,Hardwood,10
PERITweety2012May14,PERITweety71,1,Conifer,4
PERITweety2012May14,PERITweety71,1,Hardwood,1
PERITweety2012May14,PERITweety72,1,Conifer,5
PERITweety2012May14,PERITweety72,1,Hardwood,2
PERITweety2012May14,PERITweety74,1,Hardwood,1
PERITweety2012May14,PERITweety75,1,Conifer,1
PERITweety2012May14,PERITweety75,1,Hardwood,5
PERITweety2012May14,PERITweety76,1,Hardwood,2
PERITweety2012May14,PERITweety77,1,Hardwood,10
PERITweety2012May14,PERITweety8,1,Hardwood,11
PERITweety2012May14,PERITweety80,1,Conifer,1
PERITweety2012May14,PERITweety80,1,Hardwood,4
PERITweety2012May14,PERITweety81,1,Hardwood,14
PERITweety2012May14,PERITweety84,1,Hardwood,4
PERITweety2012May14,PERITweety86,1,Hardwood,4
PERITweety2012May14,PERITweety87,1,Hardwood,5
PERITweety2012May14,PERITweety88,1,Conifer,5
PERITweety2012May14,PERITweety88,1,Hardwood,6
PERITweety2012May14,PERITweety89,1,Hardwood,1
PERITweety2012May14,PERITweety9,1,Hardwood,11
PERITweety2012May14,PERITweety91,1,Hardwood,1
PERITweety2012May14,PERITweety92,1,Hardwood,4
PERITweety2012May14,PERITweety93,1,Hardwood,10
PERITweety2012May14,PERITweety94,1,Hardwood,10
PERITweety2012May14,PERITweety95,1,Hardwood,4
PERITweety2012May14,PERITweety96,1,Conifer,1
PERITweety2012May14,PERITweety96,1,Hardwood,5
PERITweety2012May14,PERITweety97,1,Hardwood,13
PERITweety2012May14,PERITweety98,1,Hardwood,8
PERITweety2012May14,PERITweety99,1,Hardwood,8
PIPETweety2009May14,PIPETweety21,1,Hardwood,1
PIPETweety2009May14,PIPETweety25,1,Hardwood,1
PIPETweety2009May14,PIPETweety27,1,Hardwood,5
PIPETweety2009May14,PIPETweety28,1,Hardwood,11
PIPETweety2009May14,PIPETweety33,1,Hardwood,1
PIPETweety2009May14,PIPETweety39,1,Hardwood,2
PIPETweety2009May14,PIPETweety4,1,Hardwood,2
PIPETweety2009May14,PIPETweety58,1,Hardwood,7
PIPETweety2009May14,PIPETweety9,1,Hardwood,11
PIPETweety2013May15,PIPETweety27,1,Hardwood,3
PIPETweety2013May15,PIPETweety40,1,Hardwood,3
PIPETweety2013May15,PIPETweety58,1,Hardwood,2
TAPRTweety2001May22,TAPRTweety139,2,Hardwood,4
TAPRTweety2001May22,TAPRTweety159,1,Hardwood,4
TAPRTweety2001May22,TAPRTweety159,3,Hardwood,10
TAPRTweety2001May22,TAPRTweety159,4,Hardwood,6
TAPRTweety2001May22,TAPRTweety160,1,Hardwood,5
TAPRTweety2001May22,TAPRTweety160,2,Hardwood,3
TAPRTweety2001May22,TAPRTweety160,3,Hardwood,5
TAPRTweety2001May22,TAPRTweety160,4,Hardwood,3
TAPRTweety2001May22,TAPRTweety161,1,Hardwood,1
TAPRTweety2001May22,TAPRTweety161,4,Hardwood,6
TAPRTweety2001May22,TAPRTweety162,1,Hardwood,3
TAPRTweety2001May22,TAPRTweety162,2,Hardwood,1
TAPRTweety2001May22,TAPRTweety162,4,Hardwood,7
TAPRTweety2001May22,TAPRTweety163,1,Hardwood,3
TAPRTweety2001May22,TAPRTweety163,2,Hardwood,7
TAPRTweety2001May22,TAPRTweety163,4,Hardwood,7
TAPRTweety2001May22,TAPRTweety164,1,Hardwood,10
TAPRTweety2001May22,TAPRTweety164,2,Hardwood,5
TAPRTweety2001May22,TAPRTweety165,1,Hardwood,6
TAPRTweety2001May22,TAPRTweety166,1,Hardwood,8
TAPRTweety2001May22,TAPRTweety166,2,Hardwood,9
TAPRTweety2001May22,TAPRTweety167,1,Hardwood,12
TAPRTweety2001May22,TAPRTweety168,1,Hardwood,10
TAPRTweety2001May22,TAPRTweety168,4,Hardwood,11
TAPRTweety2001May22,TAPRTweety169,1,Hardwood,10
TAPRTweety2001May22,TAPRTweety169,4,Hardwood,12
TAPRTweety2001May22,TAPRTweety170,1,Hardwood,17
TAPRTweety2001May22,TAPRTweety170,4,Hardwood,12
TAPRTweety2001May22,TAPRTweety171,1,Hardwood,12
TAPRTweety2001May22,TAPRTweety172,1,Hardwood,12
TAPRTweety2001May22,TAPRTweety172,3,Hardwood,5
TAPRTweety2001May22,TAPRTweety172,4,Hardwood,3
TAPRTweety2001May22,TAPRTweety173,1,Hardwood,10
TAPRTweety2001May22,TAPRTweety173,2,Hardwood,14
TAPRTweety2001May22,TAPRTweety173,4,Hardwood,8
TAPRTweety2001May22,TAPRTweety174,1,Hardwood,9
TAPRTweety2001May22,TAPRTweety174,2,Hardwood,6
TAPRTweety2001May22,TAPRTweety175,1,Hardwood,3
TAPRTweety2001May22,TAPRTweety175,2,Hardwood,9
TAPRTweety2001May22,TAPRTweety175,4,Hardwood,6
TAPRTweety2001May22,TAPRTweety176,1,Hardwood,6
TAPRTweety2001May22,TAPRTweety176,2,Hardwood,4
TAPRTweety2001May22,TAPRTweety2,1,Hardwood,3
TAPRTweety2001May22,TAPRTweety2,2,Hardwood,4
TAPRTweety2002May20,TAPRTweety114,1,Hardwood,2
TAPRTweety2002May20,TAPRTweety130,3,Hardwood,1
TAPRTweety2002May20,TAPRTweety139,2,Hardwood,4
TAPRTweety2002May20,TAPRTweety159,1,Hardwood,4
TAPRTweety2002May20,TAPRTweety159,3,Hardwood,15
TAPRTweety2002May20,TAPRTweety159,4,Hardwood,7
TAPRTweety2002May20,TAPRTweety160,1,Hardwood,5
TAPRTweety2002May20,TAPRTweety160,2,Hardwood,2
TAPRTweety2002May20,TAPRTweety160,3,Hardwood,3
TAPRTweety2002May20,TAPRTweety161,4,Hardwood,5
TAPRTweety2002May20,TAPRTweety162,1,Hardwood,5
TAPRTweety2002May20,TAPRTweety162,2,Hardwood,2
TAPRTweety2002May20,TAPRTweety162,4,Hardwood,7
TAPRTweety2002May20,TAPRTweety163,1,Hardwood,4
TAPRTweety2002May20,TAPRTweety163,2,Hardwood,7
TAPRTweety2002May20,TAPRTweety163,4,Hardwood,9
TAPRTweety2002May20,TAPRTweety164,1,Hardwood,10
TAPRTweety2002May20,TAPRTweety164,2,Hardwood,5
TAPRTweety2002May20,TAPRTweety165,1,Hardwood,9
TAPRTweety2002May20,TAPRTweety166,1,Hardwood,8
TAPRTweety2002May20,TAPRTweety166,2,Hardwood,10
TAPRTweety2002May20,TAPRTweety167,1,Hardwood,14
TAPRTweety2002May20,TAPRTweety168,1,Hardwood,8
TAPRTweety2002May20,TAPRTweety168,4,Hardwood,12
TAPRTweety2002May20,TAPRTweety169,1,Hardwood,7
TAPRTweety2002May20,TAPRTweety169,4,Hardwood,4
TAPRTweety2002May20,TAPRTweety170,1,Hardwood,8
TAPRTweety2002May20,TAPRTweety170,4,Hardwood,12
TAPRTweety2002May20,TAPRTweety171,1,Hardwood,11
TAPRTweety2002May20,TAPRTweety172,1,Hardwood,12
TAPRTweety2002May20,TAPRTweety172,3,Hardwood,8
TAPRTweety2002May20,TAPRTweety172,4,Hardwood,11
TAPRTweety2002May20,TAPRTweety173,1,Hardwood,7
TAPRTweety2002May20,TAPRTweety173,2,Hardwood,7
TAPRTweety2002May20,TAPRTweety174,1,Hardwood,4
TAPRTweety2002May20,TAPRTweety174,2,Hardwood,9
TAPRTweety2002May20,TAPRTweety175,1,Hardwood,6
TAPRTweety2002May20,TAPRTweety175,2,Hardwood,5
TAPRTweety2002May20,TAPRTweety175,4,Hardwood,6
TAPRTweety2002May20,TAPRTweety176,1,Hardwood,9
TAPRTweety2002May20,TAPRTweety176,2,Hardwood,6
TAPRTweety2002May20,TAPRTweety176,4,Hardwood,1
TAPRTweety2002May20,TAPRTweety179,3,Hardwood,12
TAPRTweety2002May20,TAPRTweety2,1,Hardwood,2
TAPRTweety2002May20,TAPRTweety2,2,Hardwood,10
TAPRTweety2002May20,TAPRTweety226,4,Hardwood,2
TAPRTweety2002May20,TAPRTweety233,1,Hardwood,1
TAPRTweety2002May20,TAPRTweety237,3,Hardwood,2
TAPRTweety2002May20,TAPRTweety254,2,Hardwood,10
TAPRTweety2002May20,TAPRTweety260,1,Hardwood,4
TAPRTweety2002May20,TAPRTweety260,2,Hardwood,4
TAPRTweety2004May10,TAPRTweety159,1,Hardwood,2
TAPRTweety2004May10,TAPRTweety159,2,Hardwood,1
TAPRTweety2004May10,TAPRTweety159,3,Hardwood,9
TAPRTweety2004May10,TAPRTweety159,4,Hardwood,2
TAPRTweety2004May10,TAPRTweety160,1,Hardwood,1
TAPRTweety2004May10,TAPRTweety160,3,Hardwood,5
TAPRTweety2004May10,TAPRTweety160,4,Hardwood,8
TAPRTweety2004May10,TAPRTweety161,1,Hardwood,1
TAPRTweety2004May10,TAPRTweety161,4,Hardwood,4
TAPRTweety2004May10,TAPRTweety162,1,Hardwood,2
TAPRTweety2004May10,TAPRTweety162,3,Hardwood,9
TAPRTweety2004May10,TAPRTweety162,4,Hardwood,4
TAPRTweety2004May10,TAPRTweety163,1,Hardwood,2
TAPRTweety2004May10,TAPRTweety163,2,Hardwood,6
TAPRTweety2004May10,TAPRTweety166,1,Hardwood,4
TAPRTweety2004May10,TAPRTweety166,2,Hardwood,10
TAPRTweety2004May10,TAPRTweety167,1,Hardwood,10
TAPRTweety2004May10,TAPRTweety168,1,Hardwood,9
TAPRTweety2004May10,TAPRTweety168,4,Hardwood,7
TAPRTweety2004May10,TAPRTweety169,1,Hardwood,11
TAPRTweety2004May10,TAPRTweety169,4,Hardwood,13
TAPRTweety2004May10,TAPRTweety170,1,Hardwood,11
TAPRTweety2004May10,TAPRTweety170,3,Hardwood,1
TAPRTweety2004May10,TAPRTweety170,4,Hardwood,1
TAPRTweety2004May10,TAPRTweety171,1,Hardwood,9
TAPRTweety2004May10,TAPRTweety172,1,Hardwood,11
TAPRTweety2004May10,TAPRTweety173,1,Hardwood,7
TAPRTweety2004May10,TAPRTweety173,2,Hardwood,8
TAPRTweety2004May10,TAPRTweety174,1,Hardwood,12
TAPRTweety2004May10,TAPRTweety174,2,Hardwood,5
TAPRTweety2004May10,TAPRTweety175,1,Hardwood,3
TAPRTweety2004May10,TAPRTweety175,2,Hardwood,6
TAPRTweety2004May10,TAPRTweety175,4,Hardwood,6
TAPRTweety2004May10,TAPRTweety176,1,Hardwood,7
TAPRTweety2004May10,TAPRTweety176,2,Hardwood,5
TAPRTweety2005May17,TAPRTweety114,1,Hardwood,1
TAPRTweety2005May17,TAPRTweety139,2,Hardwood,2
TAPRTweety2005May17,TAPRTweety159,1,Hardwood,3
TAPRTweety2005May17,TAPRTweety159,3,Hardwood,13
TAPRTweety2005May17,TAPRTweety159,4,Hardwood,7
TAPRTweety2005May17,TAPRTweety160,1,Hardwood,6
TAPRTweety2005May17,TAPRTweety160,2,Hardwood,4
TAPRTweety2005May17,TAPRTweety160,3,Hardwood,7
TAPRTweety2005May17,TAPRTweety160,4,Hardwood,3
TAPRTweety2005May17,TAPRTweety161,1,Hardwood,1
TAPRTweety2005May17,TAPRTweety161,4,Hardwood,4
TAPRTweety2005May17,TAPRTweety162,1,Hardwood,5
TAPRTweety2005May17,TAPRTweety162,2,Hardwood,1
TAPRTweety2005May17,TAPRTweety162,3,Hardwood,12
TAPRTweety2005May17,TAPRTweety162,4,Hardwood,4
TAPRTweety2005May17,TAPRTweety163,1,Hardwood,2
TAPRTweety2005May17,TAPRTweety163,2,Hardwood,9
TAPRTweety2005May17,TAPRTweety163,4,Hardwood,7
TAPRTweety2005May17,TAPRTweety164,1,Hardwood,9
TAPRTweety2005May17,TAPRTweety164,2,Hardwood,3
TAPRTweety2005May17,TAPRTweety165,1,Hardwood,14
TAPRTweety2005May17,TAPRTweety166,1,Hardwood,7
TAPRTweety2005May17,TAPRTweety166,2,Hardwood,10
TAPRTweety2005May17,TAPRTweety167,1,Hardwood,14
TAPRTweety2005May17,TAPRTweety168,1,Hardwood,10
TAPRTweety2005May17,TAPRTweety168,4,Hardwood,18
TAPRTweety2005May17,TAPRTweety169,1,Hardwood,12
TAPRTweety2005May17,TAPRTweety169,4,Hardwood,18
TAPRTweety2005May17,TAPRTweety170,1,Hardwood,13
TAPRTweety2005May17,TAPRTweety170,3,Hardwood,7
TAPRTweety2005May17,TAPRTweety170,4,Hardwood,13
TAPRTweety2005May17,TAPRTweety171,1,Hardwood,16
TAPRTweety2005May17,TAPRTweety172,1,Hardwood,8
TAPRTweety2005May17,TAPRTweety172,3,Hardwood,11
TAPRTweety2005May17,TAPRTweety172,4,Hardwood,8
TAPRTweety2005May17,TAPRTweety173,1,Hardwood,11
TAPRTweety2005May17,TAPRTweety173,2,Hardwood,18
TAPRTweety2005May17,TAPRTweety173,4,Hardwood,5
TAPRTweety2005May17,TAPRTweety174,1,Hardwood,11
TAPRTweety2005May17,TAPRTweety174,2,Hardwood,11
TAPRTweety2005May17,TAPRTweety175,1,Hardwood,3
TAPRTweety2005May17,TAPRTweety175,2,Hardwood,7
TAPRTweety2005May17,TAPRTweety175,4,Hardwood,7
TAPRTweety2005May17,TAPRTweety176,1,Hardwood,8
TAPRTweety2005May17,TAPRTweety176,2,Hardwood,8
TAPRTweety2005May17,TAPRTweety233,1,Hardwood,1
TAPRTweety2005May17,TAPRTweety233,2,Hardwood,1
TAPRTweety2006May16,TAPRTweety128,3,Hardwood,1
TAPRTweety2006May16,TAPRTweety159,1,Hardwood,7
TAPRTweety2006May16,TAPRTweety159,2,Hardwood,1
TAPRTweety2006May16,TAPRTweety159,3,Hardwood,12
TAPRTweety2006May16,TAPRTweety159,4,Hardwood,8
TAPRTweety2006May16,TAPRTweety160,1,Hardwood,6
TAPRTweety2006May16,TAPRTweety160,2,Hardwood,4
TAPRTweety2006May16,TAPRTweety160,3,Hardwood,4
TAPRTweety2006May16,TAPRTweety160,4,Hardwood,5
TAPRTweety2006May16,TAPRTweety161,1,Hardwood,1
TAPRTweety2006May16,TAPRTweety161,4,Hardwood,4
TAPRTweety2006May16,TAPRTweety162,1,Hardwood,5
TAPRTweety2006May16,TAPRTweety162,3,Hardwood,5
TAPRTweety2006May16,TAPRTweety162,4,Hardwood,5
TAPRTweety2006May16,TAPRTweety163,1,Hardwood,2
TAPRTweety2006May16,TAPRTweety163,2,Hardwood,11
TAPRTweety2006May16,TAPRTweety163,4,Hardwood,5
TAPRTweety2006May16,TAPRTweety164,1,Hardwood,12
TAPRTweety2006May16,TAPRTweety164,2,Hardwood,3
TAPRTweety2006May16,TAPRTweety165,1,Hardwood,9
TAPRTweety2006May16,TAPRTweety166,1,Hardwood,8
TAPRTweety2006May16,TAPRTweety166,2,Hardwood,8
TAPRTweety2006May16,TAPRTweety167,1,Hardwood,12
TAPRTweety2006May16,TAPRTweety168,1,Hardwood,14
TAPRTweety2006May16,TAPRTweety168,4,Hardwood,5
TAPRTweety2006May16,TAPRTweety169,1,Hardwood,9
TAPRTweety2006May16,TAPRTweety169,4,Hardwood,11
TAPRTweety2006May16,TAPRTweety170,1,Hardwood,10
TAPRTweety2006May16,TAPRTweety170,4,Hardwood,7
TAPRTweety2006May16,TAPRTweety171,1,Hardwood,15
TAPRTweety2006May16,TAPRTweety172,1,Hardwood,9
TAPRTweety2006May16,TAPRTweety172,3,Hardwood,6
TAPRTweety2006May16,TAPRTweety172,4,Hardwood,20
TAPRTweety2006May16,TAPRTweety173,1,Hardwood,16
TAPRTweety2006May16,TAPRTweety173,2,Hardwood,9
TAPRTweety2006May16,TAPRTweety174,1,Hardwood,10
TAPRTweety2006May16,TAPRTweety174,2,Hardwood,9
TAPRTweety2006May16,TAPRTweety175,1,Hardwood,2
TAPRTweety2006May16,TAPRTweety175,2,Hardwood,6
TAPRTweety2006May16,TAPRTweety175,4,Hardwood,5
TAPRTweety2006May16,TAPRTweety176,1,Hardwood,11
TAPRTweety2006May16,TAPRTweety176,2,Hardwood,6
TAPRTweety2006May16,TAPRTweety248,1,Hardwood,1
TAPRTweety2006May16,TAPRTweety260,1,Hardwood,5
TAPRTweety2006May16,TAPRTweety260,2,Hardwood,4
TAPRTweety2007May17,TAPRTweety159,1,Hardwood,5
TAPRTweety2007May17,TAPRTweety160,1,Hardwood,2
TAPRTweety2007May17,TAPRTweety161,1,Hardwood,1
TAPRTweety2007May17,TAPRTweety162,1,Hardwood,2
TAPRTweety2007May17,TAPRTweety163,1,Hardwood,3
TAPRTweety2007May17,TAPRTweety164,1,Hardwood,9
TAPRTweety2007May17,TAPRTweety165,1,Hardwood,11
TAPRTweety2007May17,TAPRTweety166,1,Hardwood,8
TAPRTweety2007May17,TAPRTweety167,1,Hardwood,13
TAPRTweety2007May17,TAPRTweety168,1,Hardwood,12
TAPRTweety2007May17,TAPRTweety169,1,Hardwood,12
TAPRTweety2007May17,TAPRTweety170,1,Hardwood,11
TAPRTweety2007May17,TAPRTweety171,1,Hardwood,12
TAPRTweety2007May17,TAPRTweety172,1,Hardwood,12
TAPRTweety2007May17,TAPRTweety173,1,Hardwood,12
TAPRTweety2007May17,TAPRTweety174,1,Hardwood,9
TAPRTweety2007May17,TAPRTweety175,1,Hardwood,3
TAPRTweety2007May17,TAPRTweety176,1,Hardwood,6
TAPRTweety2008Jun02,TAPRTweety159,1,Hardwood,7
TAPRTweety2008Jun02,TAPRTweety160,1,Hardwood,4
TAPRTweety2008Jun02,TAPRTweety161,1,Hardwood,1
TAPRTweety2008Jun02,TAPRTweety162,1,Hardwood,4
TAPRTweety2008Jun02,TAPRTweety163,1,Hardwood,3
TAPRTweety2008Jun02,TAPRTweety164,1,Hardwood,10
TAPRTweety2008Jun02,TAPRTweety165,1,Hardwood,13
TAPRTweety2008Jun02,TAPRTweety166,1,Hardwood,8
TAPRTweety2008Jun02,TAPRTweety167,1,Hardwood,14
TAPRTweety2008Jun02,TAPRTweety168,1,Hardwood,11
TAPRTweety2008Jun02,TAPRTweety169,1,Hardwood,8
TAPRTweety2008Jun02,TAPRTweety170,1,Hardwood,10
TAPRTweety2008Jun02,TAPRTweety171,1,Hardwood,11
TAPRTweety2008Jun02,TAPRTweety172,1,Hardwood,10
TAPRTweety2008Jun02,TAPRTweety173,1,Hardwood,13
TAPRTweety2008Jun02,TAPRTweety174,1,Hardwood,9
TAPRTweety2008Jun02,TAPRTweety175,1,Hardwood,2
TAPRTweety2008Jun02,TAPRTweety176,1,Hardwood,9
TAPRTweety2008Jun02,TAPRTweety2,1,Hardwood,2
TAPRTweety2010May11,TAPRTweety114,1,Hardwood,1
TAPRTweety2010May11,TAPRTweety159,1,Hardwood,8
TAPRTweety2010May11,TAPRTweety160,1,Hardwood,7
TAPRTweety2010May11,TAPRTweety161,1,Hardwood,2
TAPRTweety2010May11,TAPRTweety162,1,Hardwood,3
TAPRTweety2010May11,TAPRTweety163,1,Hardwood,2
TAPRTweety2010May11,TAPRTweety164,1,Hardwood,13
TAPRTweety2010May11,TAPRTweety165,1,Hardwood,15
TAPRTweety2010May11,TAPRTweety166,1,Hardwood,10
TAPRTweety2010May11,TAPRTweety167,1,Hardwood,13
TAPRTweety2010May11,TAPRTweety168,1,Hardwood,13
TAPRTweety2010May11,TAPRTweety169,1,Hardwood,11
TAPRTweety2010May11,TAPRTweety170,1,Hardwood,10
TAPRTweety2010May11,TAPRTweety171,1,Hardwood,17
TAPRTweety2010May11,TAPRTweety172,1,Hardwood,10
TAPRTweety2010May11,TAPRTweety173,1,Hardwood,15
TAPRTweety2010May11,TAPRTweety174,1,Hardwood,9
TAPRTweety2010May11,TAPRTweety175,1,Hardwood,4
TAPRTweety2010May11,TAPRTweety176,1,Hardwood,10
TAPRTweety2010May11,TAPRTweety2,1,Hardwood,1
TAPRTweety2010May11,TAPRTweety217,1,Hardwood,1
TAPRTweety2010May11,TAPRTweety233,1,Hardwood,1
TAPRTweety2014May13,TAPRTweety159,1,Hardwood,9
TAPRTweety2014May13,TAPRTweety160,1,Hardwood,4
TAPRTweety2014May13,TAPRTweety161,1,Hardwood,2
TAPRTweety2014May13,TAPRTweety162,1,Hardwood,5
TAPRTweety2014May13,TAPRTweety163,1,Hardwood,2
TAPRTweety2014May13,TAPRTweety164,1,Hardwood,5
TAPRTweety2014May13,TAPRTweety165,1,Hardwood,8
TAPRTweety2014May13,TAPRTweety166,1,Hardwood,9
TAPRTweety2014May13,TAPRTweety167,1,Hardwood,10
TAPRTweety2014May13,TAPRTweety168,1,Hardwood,11
TAPRTweety2014May13,TAPRTweety169,1,Hardwood,9
TAPRTweety2014May13,TAPRTweety170,1,Hardwood,10
TAPRTweety2014May13,TAPRTweety171,1,Hardwood,11
TAPRTweety2014May13,TAPRTweety172,1,Hardwood,8
TAPRTweety2014May13,TAPRTweety173,1,Hardwood,8
TAPRTweety2014May13,TAPRTweety174,1,Hardwood,10
TAPRTweety2014May13,TAPRTweety175,1,Hardwood,7
TAPRTweety2014May13,TAPRTweety176,1,Hardwood,10
TAPRTweety2014May13,TAPRTweety2,1,Hardwood,1
TAPRTweety2014May13,TAPRTweety233,1,Hardwood,1
WICRTweety2008May20,WICRTweety10,1,Conifer,2
WICRTweety2008May20,WICRTweety10,1,Hardwood,4
WICRTweety2008May20,WICRTweety11,1,Hardwood,8
WICRTweety2008May20,WICRTweety12,1,Conifer,1
WICRTweety2008May20,WICRTweety12,1,Hardwood,1
WICRTweety2008May20,WICRTweety15,1,Hardwood,5
WICRTweety2008May20,WICRTweety16,1,Hardwood,3
WICRTweety2008May20,WICRTweety19,1,Hardwood,14
WICRTweety2008May20,WICRTweety2,1,Hardwood,8
WICRTweety2008May20,WICRTweety21,1,Hardwood,4
WICRTweety2008May20,WICRTweety24,1,Hardwood,8
WICRTweety2008May20,WICRTweety25,1,Hardwood,5
WICRTweety2008May20,WICRTweety26,1,Hardwood,7
WICRTweety2008May20,WICRTweety27,1,Conifer,1
WICRTweety2008May20,WICRTweety27,1,Hardwood,7
WICRTweety2008May20,WICRTweety28,1,Hardwood,3
WICRTweety2008May20,WICRTweety29,1,Hardwood,4
WICRTweety2008May20,WICRTweety3,1,Conifer,2
WICRTweety2008May20,WICRTweety3,1,Hardwood,1
WICRTweety2008May20,WICRTweety33,1,Conifer,2
WICRTweety2008May20,WICRTweety33,1,Hardwood,10
WICRTweety2008May20,WICRTweety37,1,Hardwood,8
WICRTweety2008May20,WICRTweety4,1,Hardwood,2
WICRTweety2008May20,WICRTweety5,1,Conifer,3
WICRTweety2008May20,WICRTweety5,1,Hardwood,5
WICRTweety2008May20,WICRTweety6,1,Hardwood,4
WICRTweety2008May20,WICRTweety7,1,Hardwood,6
WICRTweety2008May20,WICRTweety9,1,Hardwood,3
WICRTweety2012May25,WICRTweety10,1,Conifer,3
WICRTweety2012May25,WICRTweety10,1,Hardwood,8
WICRTweety2012May25,WICRTweety11,1,Hardwood,8
WICRTweety2012May25,WICRTweety12,1,Conifer,1
WICRTweety2012May25,WICRTweety12,1,Hardwood,1
WICRTweety2012May25,WICRTweety15,1,Hardwood,8
WICRTweety2012May25,WICRTweety16,1,Hardwood,3
WICRTweety2012May25,WICRTweety19,1,Hardwood,12
WICRTweety2012May25,WICRTweety2,1,Hardwood,10
WICRTweety2012May25,WICRTweety21,1,Hardwood,6
WICRTweety2012May25,WICRTweety24,1,Conifer,1
WICRTweety2012May25,WICRTweety24,1,Hardwood,11
WICRTweety2012May25,WICRTweety25,1,Hardwood,10
WICRTweety2012May25,WICRTweety26,1,Hardwood,8
WICRTweety2012May25,WICRTweety27,1,Hardwood,21
WICRTweety2012May25,WICRTweety28,1,Hardwood,9
WICRTweety2012May25,WICRTweety3,1,Conifer,1
WICRTweety2012May25,WICRTweety3,1,Hardwood,6
WICRTweety2012May25,WICRTweety33,1,Conifer,2
WICRTweety2012May25,WICRTweety33,1,Hardwood,8
WICRTweety2012May25,WICRTweety37,1,Hardwood,8
WICRTweety2012May25,WICRTweety38,1,Hardwood,1
WICRTweety2012May25,WICRTweety4,1,Hardwood,4
WICRTweety2012May25,WICRTweety5,1,Conifer,1
WICRTweety2012May25,WICRTweety5,1,Hardwood,11
WICRTweety2012May25,WICRTweety6,1,Hardwood,7
WICRTweety2012May25,WICRTweety7,1,Hardwood,7
WICRTweety2012May25,WICRTweety9,1,Hardwood,3
